ioi,seq,location,year
1.719,BM1,Venice,2019
1.530,BM1,Venice,2019
1.665,BM1,Venice,2019
1.550,BM1,Venice,2019
1.793,BM1,Venice,2019
1.577,BM1,Venice,2019
1.865,BM1,Venice,2019
1.590,BM1,Venice,2019
1.603,BM1,Venice,2019
1.617,BM1,Venice,2019
1.879,BM1,Venice,2019
1.772,BM1,Venice,2019
1.700,BM1,Venice,2019
1.526,BM1,Venice,2019
1.790,BM1,Venice,2019
1.637,BM1,Venice,2019
1.639,BM1,Venice,2019
1.383,BM1,Venice,2019
1.213,BM1,Venice,2019
1.773,BM1,Venice,2019
1.717,BM1,Venice,2019
1.506,BM1,Venice,2019
1.878,BM1,Venice,2019
1.919,BM1,Venice,2019
1.856,BM1,Venice,2019
1.802,BM1,Venice,2019
2.093,BM1,Venice,2019
1.784,BM1,Venice,2019
2.031,BM1,Venice,2019
1.519,BM1,Venice,2019
0.980,BM1,Venice,2019
2.764,BM1,Venice,2019
1.619,BM1,Venice,2019
1.606,BM1,Venice,2019
1.757,BM1,Venice,2019
2.120,BM2,Venice,2019
2.713,BM2,Venice,2019
1.769,BM2,Venice,2019
2.108,BM2,Venice,2019
2.844,BM2,Venice,2019
1.892,BM2,Venice,2019
1.852,BM2,Venice,2019
2.176,BM2,Venice,2019
2.103,BM2,Venice,2019
5.242,BM2,Venice,2019
2.389,BM2,Venice,2019
2.213,BM2,Venice,2019
3.014,BM2,Venice,2019
4.916,BM2,Venice,2019
1.868,BM2,Venice,2019
2.126,BM2,Venice,2019
2.090,BM2,Venice,2019
2.027,BM2,Venice,2019
2.201,BM2,Venice,2019
2.521,BM2,Venice,2019
2.023,BM2,Venice,2019
1.752,BM2,Venice,2019
2.198,BM2,Venice,2019
1.863,BM2,Venice,2019
2.168,BM2,Venice,2019
1.873,BM2,Venice,2019
1.447,BM3,Venice,2019
1.572,BM3,Venice,2019
1.551,BM3,Venice,2019
1.532,BM3,Venice,2019
1.914,BM3,Venice,2019
1.473,BM3,Venice,2019
1.503,BM3,Venice,2019
1.642,BM3,Venice,2019
1.891,BM3,Venice,2019
1.446,BM3,Venice,2019
1.547,BM3,Venice,2019
1.692,BM3,Venice,2019
0.720,BM3,Venice,2019
1.555,BM3,Venice,2019
1.706,BM3,Venice,2019
2.042,BM3,Venice,2019
1.949,BM3,Venice,2019
1.632,BM3,Venice,2019
1.216,BM3,Venice,2019
1.389,BM3,Venice,2019
1.455,BM3,Venice,2019
1.820,BM3,Venice,2019
1.262,BM3,Venice,2019
1.363,BM3,Venice,2019
1.581,BM3,Venice,2019
1.396,BM3,Venice,2019
1.271,BM3,Venice,2019
1.721,BM3,Venice,2019
1.245,BM3,Venice,2019
2.463,BM3,Venice,2019
1.645,BM3,Venice,2019
2.707,BM3,Venice,2019
1.533,BM3,Venice,2019
1.539,BM3,Venice,2019
1.897,BM3,Venice,2019
1.688,BM3,Venice,2019
2.986,BM4,Venice,2019
2.932,BM4,Venice,2019
2.158,BM4,Venice,2019
2.353,BM4,Venice,2019
2.734,BM4,Venice,2019
2.790,BM4,Venice,2019
2.092,BM4,Venice,2019
2.881,BM4,Venice,2019
2.244,BM4,Venice,2019
2.366,BM4,Venice,2019
2.780,BM4,Venice,2019
2.743,BM4,Venice,2019
2.705,BM4,Venice,2019
2.706,BM4,Venice,2019
2.981,BM4,Venice,2019
2.266,BM4,Venice,2019
2.704,BM4,Venice,2019
3.269,BM4,Venice,2019
3.516,BM4,Venice,2019
3.276,BM4,Venice,2019
2.828,BM4,Venice,2019
2.788,BM4,Venice,2019
3.089,BM4,Venice,2019
1.700,BM5,Venice,2019
2.033,BM5,Venice,2019
1.717,BM5,Venice,2019
1.676,BM5,Venice,2019
1.732,BM5,Venice,2019
1.763,BM5,Venice,2019
1.675,BM5,Venice,2019
1.594,BM5,Venice,2019
1.798,BM5,Venice,2019
1.668,BM5,Venice,2019
1.676,BM5,Venice,2019
1.479,BM5,Venice,2019
1.551,BM5,Venice,2019
1.599,BM5,Venice,2019
1.513,BM5,Venice,2019
1.998,BM5,Venice,2019
1.998,BM5,Venice,2019
1.903,BM5,Venice,2019
2.298,BM5,Venice,2019
1.771,BM5,Venice,2019
2.000,BM5,Venice,2019
1.821,BM5,Venice,2019
1.702,BM5,Venice,2019
1.748,BM5,Venice,2019
1.789,BM5,Venice,2019
1.899,BM5,Venice,2019
1.881,BM5,Venice,2019
1.662,BM5,Venice,2019
1.662,BM5,Venice,2019
1.663,BM5,Venice,2019
1.615,BM5,Venice,2019
1.540,BM5,Venice,2019
1.526,BM5,Venice,2019
1.477,BM5,Venice,2019
1.516,BM5,Venice,2019
1.813,BM5,Venice,2019
1.878,BM5,Venice,2019
1.897,BM5,Venice,2019
3.580,BM6,Trieste,2009
2.792,BM6,Trieste,2009
2.894,BM6,Trieste,2009
2.316,BM6,Trieste,2009
2.597,BM6,Trieste,2009
3.215,BM6,Trieste,2009
2.712,BM6,Trieste,2009
3.612,BM6,Trieste,2009
3.976,BM6,Trieste,2009
3.176,BM6,Trieste,2009
2.384,BM6,Trieste,2009
3.393,BM6,Trieste,2009
3.997,BM6,Trieste,2009
3.431,BM6,Trieste,2009
3.038,BM6,Trieste,2009
2.960,BM6,Trieste,2009
3.443,BM6,Trieste,2009
2.897,BM6,Trieste,2009
2.458,BM6,Trieste,2009
2.690,BM6,Trieste,2009
3.008,BM7,Trieste,2009
2.819,BM7,Trieste,2009
2.655,BM7,Trieste,2009
3.078,BM7,Trieste,2009
2.926,BM7,Trieste,2009
2.697,BM7,Trieste,2009
2.758,BM7,Trieste,2009
2.430,BM7,Trieste,2009
2.997,BM7,Trieste,2009
3.137,BM7,Trieste,2009
3.525,BM7,Trieste,2009
2.503,BM7,Trieste,2009
2.655,BM7,Trieste,2009
2.364,BM7,Trieste,2009
2.840,BM7,Trieste,2009
2.344,BM7,Trieste,2009
2.512,BM7,Trieste,2009
2.657,BM7,Trieste,2009
2.328,BM7,Trieste,2009
2.665,BM7,Trieste,2009
2.568,BM7,Trieste,2009
3.417,BM8,Trieste,2009
4.323,BM8,Trieste,2009
3.414,BM8,Trieste,2009
4.226,BM8,Trieste,2009
4.093,BM8,Trieste,2009
3.891,BM8,Trieste,2009
5.574,BM8,Trieste,2009
4.221,BM8,Trieste,2009
4.762,BM8,Trieste,2009
4.591,BM8,Trieste,2009
4.890,BM8,Trieste,2009
5.682,BM8,Trieste,2009
4.987,BM8,Trieste,2009
3.896,BM8,Trieste,2009
6.099,BM8,Trieste,2009
4.458,BM8,Trieste,2009
3.981,BM8,Trieste,2009
4.013,BM8,Trieste,2009
4.580,BM8,Trieste,2009
3.999,BM8,Trieste,2009
2.230,BM9,Trieste,2009
2.367,BM9,Trieste,2009
2.324,BM9,Trieste,2009
2.272,BM9,Trieste,2009
2.388,BM9,Trieste,2009
2.124,BM9,Trieste,2009
2.930,BM9,Trieste,2009
2.005,BM9,Trieste,2009
2.592,BM9,Trieste,2009
2.240,BM9,Trieste,2009
2.529,BM9,Trieste,2009
2.292,BM9,Trieste,2009
2.468,BM9,Trieste,2009
2.242,BM9,Trieste,2009
2.119,BM9,Trieste,2009
2.133,BM9,Trieste,2009
2.961,BM9,Trieste,2009
2.381,BM9,Trieste,2009
2.039,BM9,Trieste,2009
2.855,BM9,Trieste,2009
2.982,BM9,Trieste,2009
2.242,BM9,Trieste,2009
2.266,BM9,Trieste,2009
2.084,BM9,Trieste,2009
2.832,BM9,Trieste,2009
2.236,BM9,Trieste,2009
3.610,BM10,Trieste,2009
2.706,BM10,Trieste,2009
2.843,BM10,Trieste,2009
2.439,BM10,Trieste,2009
3.034,BM10,Trieste,2009
2.791,BM10,Trieste,2009
2.431,BM10,Trieste,2009
2.684,BM10,Trieste,2009
2.663,BM10,Trieste,2009
2.737,BM10,Trieste,2009
3.259,BM10,Trieste,2009
2.226,BM10,Trieste,2009
2.960,BM10,Trieste,2009
3.671,BM10,Trieste,2009
3.910,BM10,Trieste,2009
2.934,BM10,Trieste,2009
2.624,BM10,Trieste,2009
2.508,BM10,Trieste,2009
2.914,BM10,Trieste,2009
3.147,BM10,Trieste,2009
3.663,BM10,Trieste,2009
2.600,BM11,Venice,2020
2.580,BM11,Venice,2020
2.187,BM11,Venice,2020
2.670,BM11,Venice,2020
2.854,BM11,Venice,2020
3.166,BM11,Venice,2020
3.185,BM11,Venice,2020
2.623,BM11,Venice,2020
2.609,BM11,Venice,2020
3.017,BM11,Venice,2020
2.993,BM11,Venice,2020
2.698,BM11,Venice,2020
2.565,BM11,Venice,2020
2.639,BM11,Venice,2020
2.550,BM11,Venice,2020
2.788,BM11,Venice,2020
2.421,BM11,Venice,2020
2.176,BM11,Venice,2020
2.481,BM11,Venice,2020
2.672,BM11,Venice,2020
3.047,BM11,Venice,2020
2.989,BM12,Venice,2020
2.202,BM12,Venice,2020
2.488,BM12,Venice,2020
2.495,BM12,Venice,2020
2.027,BM12,Venice,2020
2.990,BM12,Venice,2020
2.594,BM12,Venice,2020
2.406,BM12,Venice,2020
2.999,BM12,Venice,2020
2.313,BM12,Venice,2020
2.212,BM12,Venice,2020
2.048,BM12,Venice,2020
2.319,BM12,Venice,2020
2.345,BM12,Venice,2020
2.478,BM12,Venice,2020
2.046,BM12,Venice,2020
2.119,BM12,Venice,2020
2.151,BM12,Venice,2020
2.324,BM12,Venice,2020
1.996,BM12,Venice,2020
2.303,BM12,Venice,2020
2.427,BM12,Venice,2020
2.561,BM12,Venice,2020
2.365,BM12,Venice,2020
2.397,BM12,Venice,2020
2.169,BM13,Venice,2020
2.241,BM13,Venice,2020
2.425,BM13,Venice,2020
2.332,BM13,Venice,2020
1.897,BM13,Venice,2020
2.651,BM13,Venice,2020
2.151,BM13,Venice,2020
2.100,BM13,Venice,2020
2.069,BM13,Venice,2020
2.171,BM13,Venice,2020
2.110,BM13,Venice,2020
2.100,BM13,Venice,2020
1.927,BM13,Venice,2020
2.080,BM13,Venice,2020
2.242,BM13,Venice,2020
2.324,BM13,Venice,2020
1.877,BM13,Venice,2020
2.343,BM13,Venice,2020
2.070,BM13,Venice,2020
2.273,BM13,Venice,2020
1.836,BM13,Venice,2020
2.779,BM13,Venice,2020
1.999,BM13,Venice,2020
2.597,BM13,Venice,2020
2.211,BM13,Venice,2020
2.181,BM13,Venice,2020
2.007,BM13,Venice,2020
1.828,BM14,Venice,2020
1.115,BM14,Venice,2020
1.421,BM14,Venice,2020
1.335,BM14,Venice,2020
1.366,BM14,Venice,2020
1.492,BM14,Venice,2020
1.455,BM14,Venice,2020
1.256,BM14,Venice,2020
1.218,BM14,Venice,2020
1.635,BM14,Venice,2020
1.469,BM14,Venice,2020
1.605,BM14,Venice,2020
1.225,BM14,Venice,2020
1.003,BM14,Venice,2020
1.345,BM14,Venice,2020
1.412,BM14,Venice,2020
1.196,BM14,Venice,2020
1.471,BM14,Venice,2020
1.568,BM14,Venice,2020
1.705,BM14,Venice,2020
1.538,BM14,Venice,2020
1.486,BM14,Venice,2020
1.040,BM14,Venice,2020
0.914,BM14,Venice,2020
1.176,BM14,Venice,2020
1.858,BM14,Venice,2020
1.604,BM14,Venice,2020
1.405,BM14,Venice,2020
1.180,BM14,Venice,2020
1.501,BM14,Venice,2020
1.382,BM14,Venice,2020
1.472,BM14,Venice,2020
2.325,BM14,Venice,2020
2.089,BM14,Venice,2020
1.857,BM14,Venice,2020
1.717,BM14,Venice,2020
1.648,BM14,Venice,2020
1.717,BM14,Venice,2020
1.939,BM14,Venice,2020
1.307,BM14,Venice,2020
1.327,BM14,Venice,2020
1.100,BM14,Venice,2020
2.617,BM15,Venice,2020
3.856,BM15,Venice,2020
3.422,BM15,Venice,2020
3.051,BM15,Venice,2020
2.169,BM15,Venice,2020
3.361,BM15,Venice,2020
2.385,BM15,Venice,2020
2.755,BM15,Venice,2020
5.544,BM15,Venice,2020
2.588,BM15,Venice,2020
3.020,BM15,Venice,2020
2.725,BM15,Venice,2020
2.227,BM15,Venice,2020
2.850,BM15,Venice,2020
3.979,BM15,Venice,2020
3.350,BM15,Venice,2020
2.973,BM15,Venice,2020
2.648,BM15,Venice,2020
3.826,BM16,Trieste,2009
4.027,BM16,Trieste,2009
3.290,BM16,Trieste,2009
3.217,BM16,Trieste,2009
3.438,BM16,Trieste,2009
4.156,BM16,Trieste,2009
3.824,BM16,Trieste,2009
4.321,BM16,Trieste,2009
6.841,BM16,Trieste,2009
3.480,BM16,Trieste,2009
3.788,BM16,Trieste,2009
4.232,BM16,Trieste,2009
4.003,BM16,Trieste,2009
2.371,BM17,Trieste,2009
2.393,BM17,Trieste,2009
2.281,BM17,Trieste,2009
2.890,BM17,Trieste,2009
2.370,BM17,Trieste,2009
4.042,BM17,Trieste,2009
4.109,BM17,Trieste,2009
8.189,BM17,Trieste,2009
1.603,BM17,Trieste,2009
1.987,BM17,Trieste,2009
1.964,BM17,Trieste,2009
2.122,BM17,Trieste,2009
2.010,BM17,Trieste,2009
2.142,BM17,Trieste,2009
2.055,BM17,Trieste,2009
2.190,BM17,Trieste,2009
1.716,BM17,Trieste,2009
2.370,BM17,Trieste,2009
2.258,BM17,Trieste,2009
2.302,BM17,Trieste,2009
1.897,BM17,Trieste,2009
2.280,BM17,Trieste,2009
2.077,BM17,Trieste,2009
3.453,BM18,Trieste,2009
3.983,BM18,Trieste,2009
3.901,BM18,Trieste,2009
4.595,BM18,Trieste,2009
4.535,BM18,Trieste,2009
3.745,BM18,Trieste,2009
3.961,BM18,Trieste,2009
3.849,BM18,Trieste,2009
3.480,BM18,Trieste,2009
4.342,BM18,Trieste,2009
4.422,BM18,Trieste,2009
5.111,BM18,Trieste,2009
4.676,BM18,Trieste,2009
3.838,BM18,Trieste,2009
4.699,BM19,Trieste,2009
4.334,BM19,Trieste,2009
4.011,BM19,Trieste,2009
4.558,BM19,Trieste,2009
3.872,BM19,Trieste,2009
3.612,BM19,Trieste,2009
3.894,BM19,Trieste,2009
3.871,BM19,Trieste,2009
5.050,BM19,Trieste,2009
4.629,BM19,Trieste,2009
4.154,BM19,Trieste,2009
4.154,BM19,Trieste,2009
4.827,BM19,Trieste,2009
3.199,BM20,Trieste,2009
3.365,BM20,Trieste,2009
3.406,BM20,Trieste,2009
2.807,BM20,Trieste,2009
3.930,BM20,Trieste,2009
3.145,BM20,Trieste,2009
3.611,BM20,Trieste,2009
2.882,BM20,Trieste,2009
4.317,BM20,Trieste,2009
4.329,BM20,Trieste,2009
5.509,BM20,Trieste,2009
3.930,BM20,Trieste,2009
5.432,BM20,Trieste,2009
4.304,BM20,Trieste,2009
3.538,BM21,Crete,2017
3.526,BM21,Crete,2017
5.225,BM21,Crete,2017
4.583,BM21,Crete,2017
5.249,BM21,Crete,2017
4.169,BM21,Crete,2017
3.604,BM21,Crete,2017
4.738,BM21,Crete,2017
2.738,BM22,Crete,2017
2.909,BM22,Crete,2017
2.575,BM22,Crete,2017
2.667,BM22,Crete,2017
3.199,BM22,Crete,2017
3.045,BM22,Crete,2017
3.748,BM22,Crete,2017
4.802,BM22,Crete,2017
2.562,BM22,Crete,2017
3.188,BM22,Crete,2017
2.983,BM22,Crete,2017
2.813,BM22,Crete,2017
3.035,BM22,Crete,2017
2.932,BM22,Crete,2017
3.290,BM22,Crete,2017
2.769,BM22,Crete,2017
2.657,BM22,Crete,2017
3.045,BM22,Crete,2017
2.180,BM23,Crete,2017
2.271,BM23,Crete,2017
2.423,BM23,Crete,2017
2.139,BM23,Crete,2017
2.444,BM23,Crete,2017
2.254,BM23,Crete,2017
2.278,BM23,Crete,2017
2.279,BM23,Crete,2017
2.773,BM23,Crete,2017
2.477,BM23,Crete,2017
2.380,BM23,Crete,2017
2.584,BM23,Crete,2017
2.328,BM23,Crete,2017
2.822,BM23,Crete,2017
2.283,BM23,Crete,2017
2.238,BM23,Crete,2017
2.485,BM23,Crete,2017
2.445,BM23,Crete,2017
2.106,BM23,Crete,2017
2.032,BM23,Crete,2017
2.246,BM23,Crete,2017
2.205,BM23,Crete,2017
2.282,BM23,Crete,2017
2.213,BM23,Crete,2017
2.378,BM24,Crete,2017
2.164,BM24,Crete,2017
2.995,BM24,Crete,2017
2.182,BM24,Crete,2017
2.189,BM24,Crete,2017
1.884,BM24,Crete,2017
1.901,BM24,Crete,2017
2.509,BM24,Crete,2017
2.322,BM24,Crete,2017
3.242,BM24,Crete,2017
2.131,BM24,Crete,2017
2.266,BM24,Crete,2017
2.065,BM24,Crete,2017
2.040,BM24,Crete,2017
2.381,BM24,Crete,2017
2.271,BM24,Crete,2017
2.506,BM24,Crete,2017
2.090,BM24,Crete,2017
2.049,BM24,Crete,2017
2.168,BM24,Crete,2017
2.296,BM24,Crete,2017
2.345,BM24,Crete,2017
2.224,BM24,Crete,2017
2.213,BM24,Crete,2017
2.287,BM24,Crete,2017
3.107,BM25,Crete,2017
3.574,BM25,Crete,2017
2.729,BM25,Crete,2017
3.063,BM25,Crete,2017
3.475,BM25,Crete,2017
3.136,BM25,Crete,2017
3.425,BM25,Crete,2017
2.822,BM25,Crete,2017
2.911,BM25,Crete,2017
3.095,BM25,Crete,2017
4.084,BM25,Crete,2017
3.349,BM25,Crete,2017
2.752,BM25,Crete,2017
2.899,BM25,Crete,2017
3.118,BM25,Crete,2017
2.454,BM25,Crete,2017
2.252,BM25,Crete,2017
1.698,BM25,Crete,2017
2.862,BM25,Crete,2017
3.185,BM26,Crete,2017
3.653,BM26,Crete,2017
3.484,BM26,Crete,2017
2.900,BM26,Crete,2017
2.704,BM26,Crete,2017
3.176,BM26,Crete,2017
3.262,BM26,Crete,2017
2.951,BM26,Crete,2017
3.234,BM26,Crete,2017
3.156,BM26,Crete,2017
2.771,BM26,Crete,2017
3.833,BM26,Crete,2017
2.222,BM26,Crete,2017
2.576,BM26,Crete,2017
2.637,BM26,Crete,2017
2.825,BM26,Crete,2017
2.596,BM26,Crete,2017
2.512,BM26,Crete,2017
2.485,BM26,Crete,2017
2.530,BM27,Crete,2017
2.783,BM27,Crete,2017
2.653,BM27,Crete,2017
2.809,BM27,Crete,2017
2.703,BM27,Crete,2017
2.649,BM27,Crete,2017
2.645,BM27,Crete,2017
3.078,BM27,Crete,2017
2.954,BM27,Crete,2017
2.936,BM27,Crete,2017
2.641,BM27,Crete,2017
2.464,BM27,Crete,2017
2.600,BM27,Crete,2017
3.486,BM27,Crete,2017
2.304,BM27,Crete,2017
3.045,BM27,Crete,2017
2.477,BM27,Crete,2017
3.372,BM27,Crete,2017
2.028,BM27,Crete,2017
2.141,BM27,Crete,2017
3.282,BM27,Crete,2017
2.825,BM28,Crete,2017
2.228,BM28,Crete,2017
2.414,BM28,Crete,2017
2.384,BM28,Crete,2017
2.810,BM28,Crete,2017
2.717,BM28,Crete,2017
2.560,BM28,Crete,2017
2.199,BM28,Crete,2017
2.750,BM28,Crete,2017
2.316,BM28,Crete,2017
2.961,BM28,Crete,2017
2.420,BM28,Crete,2017
2.089,BM28,Crete,2017
2.065,BM28,Crete,2017
2.066,BM28,Crete,2017
2.327,BM28,Crete,2017
2.468,BM28,Crete,2017
2.548,BM28,Crete,2017
2.626,BM28,Crete,2017
2.682,BM28,Crete,2017
2.503,BM28,Crete,2017
2.618,BM28,Crete,2017
2.903,BM28,Crete,2017
2.467,BM29,Crete,2017
2.409,BM29,Crete,2017
2.478,BM29,Crete,2017
2.723,BM29,Crete,2017
2.911,BM29,Crete,2017
2.409,BM29,Crete,2017
2.060,BM29,Crete,2017
2.176,BM29,Crete,2017
2.094,BM29,Crete,2017
1.806,BM29,Crete,2017
2.094,BM29,Crete,2017
2.327,BM29,Crete,2017
2.234,BM29,Crete,2017
2.083,BM29,Crete,2017
2.397,BM29,Crete,2017
2.000,BM29,Crete,2017
1.873,BM29,Crete,2017
2.001,BM29,Crete,2017
2.141,BM29,Crete,2017
2.048,BM29,Crete,2017
2.409,BM29,Crete,2017
2.690,BM30,Crete,2017
2.847,BM30,Crete,2017
2.795,BM30,Crete,2017
3.766,BM30,Crete,2017
2.304,BM30,Crete,2017
5.052,BM30,Crete,2017
2.756,BM30,Crete,2017
2.853,BM30,Crete,2017
2.883,BM30,Crete,2017
2.452,BM30,Crete,2017
2.337,BM30,Crete,2017
3.564,BM30,Crete,2017
2.534,BM30,Crete,2017
2.666,BM30,Crete,2017
2.339,BM30,Crete,2017
2.814,BM30,Crete,2017
2.600,BM30,Crete,2017
2.579,BM30,Crete,2017
2.641,BM30,Crete,2017
2.411,BM30,Crete,2017
2.345,BM31,Mallorca,2017
2.517,BM31,Mallorca,2017
2.267,BM31,Mallorca,2017
2.055,BM31,Mallorca,2017
2.993,BM31,Mallorca,2017
2.399,BM31,Mallorca,2017
1.930,BM31,Mallorca,2017
2.102,BM31,Mallorca,2017
2.665,BM31,Mallorca,2017
2.538,BM31,Mallorca,2017
2.181,BM31,Mallorca,2017
2.290,BM31,Mallorca,2017
2.775,BM31,Mallorca,2017
2.044,BM31,Mallorca,2017
2.173,BM31,Mallorca,2017
2.196,BM31,Mallorca,2017
2.176,BM31,Mallorca,2017
2.157,BM31,Mallorca,2017
2.415,BM31,Mallorca,2017
2.141,BM31,Mallorca,2017
1.989,BM31,Mallorca,2017
2.040,BM31,Mallorca,2017
2.243,BM31,Mallorca,2017
2.087,BM31,Mallorca,2017
2.360,BM31,Mallorca,2017
2.900,BM32,Mallorca,2017
2.438,BM32,Mallorca,2017
2.532,BM32,Mallorca,2017
2.957,BM32,Mallorca,2017
2.642,BM32,Mallorca,2017
2.485,BM32,Mallorca,2017
2.458,BM32,Mallorca,2017
3.322,BM32,Mallorca,2017
2.212,BM32,Mallorca,2017
1.665,BM32,Mallorca,2017
2.279,BM32,Mallorca,2017
2.282,BM32,Mallorca,2017
2.618,BM32,Mallorca,2017
2.432,BM32,Mallorca,2017
3.580,BM32,Mallorca,2017
2.728,BM32,Mallorca,2017
2.483,BM32,Mallorca,2017
3.025,BM32,Mallorca,2017
3.455,BM32,Mallorca,2017
3.517,BM32,Mallorca,2017
3.910,BM32,Mallorca,2017
2.324,BM33,Mallorca,2017
2.297,BM33,Mallorca,2017
1.782,BM33,Mallorca,2017
1.930,BM33,Mallorca,2017
2.098,BM33,Mallorca,2017
2.171,BM33,Mallorca,2017
2.363,BM33,Mallorca,2017
2.277,BM33,Mallorca,2017
1.639,BM33,Mallorca,2017
1.941,BM33,Mallorca,2017
2.528,BM33,Mallorca,2017
2.631,BM33,Mallorca,2017
3.324,BM33,Mallorca,2017
2.785,BM33,Mallorca,2017
2.615,BM33,Mallorca,2017
1.661,BM33,Mallorca,2017
1.809,BM33,Mallorca,2017
2.152,BM33,Mallorca,2017
1.941,BM33,Mallorca,2017
2.440,BM33,Mallorca,2017
2.862,BM33,Mallorca,2017
2.209,BM33,Mallorca,2017
2.116,BM33,Mallorca,2017
1.764,BM33,Mallorca,2017
2.083,BM33,Mallorca,2017
2.253,BM33,Mallorca,2017
3.316,BM34,Mallorca,2017
2.826,BM34,Mallorca,2017
2.200,BM34,Mallorca,2017
2.437,BM34,Mallorca,2017
2.818,BM34,Mallorca,2017
2.444,BM34,Mallorca,2017
2.831,BM34,Mallorca,2017
2.960,BM34,Mallorca,2017
2.325,BM34,Mallorca,2017
2.805,BM34,Mallorca,2017
3.044,BM34,Mallorca,2017
3.308,BM34,Mallorca,2017
3.250,BM34,Mallorca,2017
2.425,BM34,Mallorca,2017
2.589,BM34,Mallorca,2017
2.687,BM34,Mallorca,2017
2.639,BM34,Mallorca,2017
2.787,BM34,Mallorca,2017
2.905,BM34,Mallorca,2017
2.944,BM34,Mallorca,2017
3.986,BM35,Mallorca,2017
2.024,BM35,Mallorca,2017
1.756,BM35,Mallorca,2017
1.768,BM35,Mallorca,2017
2.024,BM35,Mallorca,2017
1.909,BM35,Mallorca,2017
1.980,BM35,Mallorca,2017
2.837,BM35,Mallorca,2017
1.944,BM35,Mallorca,2017
2.342,BM35,Mallorca,2017
1.952,BM35,Mallorca,2017
2.431,BM35,Mallorca,2017
2.227,BM35,Mallorca,2017
1.370,BM35,Mallorca,2017
1.918,BM35,Mallorca,2017
2.121,BM35,Mallorca,2017
2.254,BM35,Mallorca,2017
2.360,BM35,Mallorca,2017
2.086,BM35,Mallorca,2017
2.032,BM35,Mallorca,2017
2.766,BM35,Mallorca,2017
2.077,BM35,Mallorca,2017
2.645,BM35,Mallorca,2017
3.235,BM35,Mallorca,2017
2.528,BM35,Mallorca,2017
2.286,BM36,Mallorca,2017
2.268,BM36,Mallorca,2017
2.571,BM36,Mallorca,2017
2.026,BM36,Mallorca,2017
2.385,BM36,Mallorca,2017
2.422,BM36,Mallorca,2017
2.286,BM36,Mallorca,2017
2.171,BM36,Mallorca,2017
2.312,BM36,Mallorca,2017
2.319,BM36,Mallorca,2017
2.461,BM36,Mallorca,2017
2.209,BM36,Mallorca,2017
1.897,BM36,Mallorca,2017
2.403,BM36,Mallorca,2017
2.324,BM36,Mallorca,2017
2.478,BM36,Mallorca,2017
2.515,BM36,Mallorca,2017
2.456,BM36,Mallorca,2017
2.714,BM36,Mallorca,2017
2.673,BM36,Mallorca,2017
2.483,BM36,Mallorca,2017
2.785,BM36,Mallorca,2017
2.493,BM36,Mallorca,2017
2.953,BM36,Mallorca,2017
1.364,BM37,Mallorca,2017
1.923,BM37,Mallorca,2017
2.031,BM37,Mallorca,2017
2.233,BM37,Mallorca,2017
1.829,BM37,Mallorca,2017
1.868,BM37,Mallorca,2017
1.527,BM37,Mallorca,2017
1.582,BM37,Mallorca,2017
2.303,BM37,Mallorca,2017
2.003,BM37,Mallorca,2017
2.744,BM37,Mallorca,2017
3.238,BM37,Mallorca,2017
4.028,BM37,Mallorca,2017
2.326,BM37,Mallorca,2017
1.674,BM37,Mallorca,2017
2.070,BM37,Mallorca,2017
2.346,BM37,Mallorca,2017
3.047,BM37,Mallorca,2017
4.129,BM37,Mallorca,2017
1.969,BM37,Mallorca,2017
1.768,BM37,Mallorca,2017
2.349,BM37,Mallorca,2017
1.520,BM37,Mallorca,2017
1.861,BM37,Mallorca,2017
1.628,BM37,Mallorca,2017
1.719,BM37,Mallorca,2017
2.874,BM38,Mallorca,2017
3.434,BM38,Mallorca,2017
2.430,BM38,Mallorca,2017
3.107,BM38,Mallorca,2017
2.530,BM38,Mallorca,2017
3.055,BM38,Mallorca,2017
2.799,BM38,Mallorca,2017
3.133,BM38,Mallorca,2017
3.031,BM38,Mallorca,2017
2.186,BM38,Mallorca,2017
2.226,BM38,Mallorca,2017
2.713,BM38,Mallorca,2017
2.776,BM38,Mallorca,2017
3.359,BM38,Mallorca,2017
2.481,BM38,Mallorca,2017
2.101,BM38,Mallorca,2017
1.938,BM38,Mallorca,2017
2.453,BM38,Mallorca,2017
2.481,BM38,Mallorca,2017
3.628,BM38,Mallorca,2017
2.862,BM38,Mallorca,2017
3.038,BM39,Mallorca,2017
7.551,BM39,Mallorca,2017
4.315,BM39,Mallorca,2017
7.544,BM39,Mallorca,2017
3.170,BM39,Mallorca,2017
3.199,BM39,Mallorca,2017
4.703,BM39,Mallorca,2017
3.111,BM39,Mallorca,2017
2.583,BM39,Mallorca,2017
2.686,BM39,Mallorca,2017
2.568,BM39,Mallorca,2017
2.975,BM39,Mallorca,2017
4.300,BM39,Mallorca,2017
3.015,BM40,Mallorca,2017
2.317,BM40,Mallorca,2017
2.292,BM40,Mallorca,2017
2.594,BM40,Mallorca,2017
2.840,BM40,Mallorca,2017
2.676,BM40,Mallorca,2017
6.111,BM40,Mallorca,2017
3.300,BM40,Mallorca,2017
2.916,BM40,Mallorca,2017
2.703,BM40,Mallorca,2017
2.897,BM40,Mallorca,2017
2.615,BM40,Mallorca,2017
3.058,BM40,Mallorca,2017
2.916,BM40,Mallorca,2017
2.436,BM40,Mallorca,2017
2.670,BM40,Mallorca,2017
2.624,BM40,Mallorca,2017
2.363,BM40,Mallorca,2017
2.650,BM40,Mallorca,2017
2.500,BM40,Mallorca,2017
3.668,BM41,Crete,2017
6.262,BM41,Crete,2017
3.348,BM41,Crete,2017
4.035,BM41,Crete,2017
4.505,BM41,Crete,2017
5.198,BM41,Crete,2017
7.576,BM41,Crete,2017
3.952,BM41,Crete,2017
3.262,BM41,Crete,2017
3.564,BM41,Crete,2017
4.815,BM41,Crete,2017
4.460,BM41,Crete,2017
3.590,BM41,Crete,2017
2.088,BM42,Crete,2017
2.623,BM42,Crete,2017
2.554,BM42,Crete,2017
2.503,BM42,Crete,2017
3.055,BM42,Crete,2017
2.399,BM42,Crete,2017
2.658,BM42,Crete,2017
2.088,BM42,Crete,2017
2.572,BM42,Crete,2017
2.537,BM42,Crete,2017
2.295,BM42,Crete,2017
2.796,BM42,Crete,2017
2.468,BM42,Crete,2017
2.779,BM42,Crete,2017
2.170,BM42,Crete,2017
2.813,BM42,Crete,2017
2.554,BM42,Crete,2017
2.623,BM42,Crete,2017
2.384,BM42,Crete,2017
3.365,BM42,Crete,2017
2.503,BM42,Crete,2017
3.072,BM42,Crete,2017
2.660,BM43,Crete,2017
2.307,BM43,Crete,2017
1.916,BM43,Crete,2017
2.136,BM43,Crete,2017
2.617,BM43,Crete,2017
2.587,BM43,Crete,2017
2.380,BM43,Crete,2017
2.368,BM43,Crete,2017
2.148,BM43,Crete,2017
2.281,BM43,Crete,2017
2.270,BM43,Crete,2017
2.514,BM43,Crete,2017
2.038,BM43,Crete,2017
2.477,BM43,Crete,2017
2.455,BM43,Crete,2017
2.526,BM43,Crete,2017
2.343,BM43,Crete,2017
2.404,BM43,Crete,2017
2.067,BM43,Crete,2017
2.392,BM43,Crete,2017
2.807,BM43,Crete,2017
2.343,BM43,Crete,2017
2.319,BM43,Crete,2017
2.436,BM43,Crete,2017
2.477,BM44,Crete,2017
2.673,BM44,Crete,2017
2.758,BM44,Crete,2017
3.149,BM44,Crete,2017
2.962,BM44,Crete,2017
2.514,BM44,Crete,2017
2.136,BM44,Crete,2017
2.319,BM44,Crete,2017
2.563,BM44,Crete,2017
2.639,BM44,Crete,2017
2.721,BM44,Crete,2017
2.307,BM44,Crete,2017
2.721,BM44,Crete,2017
2.795,BM44,Crete,2017
4.295,BM44,Crete,2017
2.563,BM44,Crete,2017
2.477,BM44,Crete,2017
1.831,BM44,Crete,2017
2.502,BM44,Crete,2017
3.150,BM44,Crete,2017
2.258,BM44,Crete,2017
2.416,BM44,Crete,2017
3.012,BM45,Crete,2017
2.477,BM45,Crete,2017
2.658,BM45,Crete,2017
2.718,BM45,Crete,2017
2.718,BM45,Crete,2017
2.520,BM45,Crete,2017
3.465,BM45,Crete,2017
2.880,BM45,Crete,2017
2.978,BM45,Crete,2017
3.342,BM45,Crete,2017
2.636,BM45,Crete,2017
2.782,BM45,Crete,2017
2.782,BM45,Crete,2017
3.246,BM45,Crete,2017
2.807,BM45,Crete,2017
3.390,BM45,Crete,2017
3.173,BM45,Crete,2017
2.953,BM45,Crete,2017
2.587,BM45,Crete,2017
3.124,BM45,Crete,2017
3.283,BM46,Crete,2017
2.624,BM46,Crete,2017
3.149,BM46,Crete,2017
2.378,BM46,Crete,2017
2.941,BM46,Crete,2017
2.514,BM46,Crete,2017
2.733,BM46,Crete,2017
2.380,BM46,Crete,2017
3.564,BM46,Crete,2017
4.589,BM46,Crete,2017
2.521,BM46,Crete,2017
2.526,BM46,Crete,2017
2.819,BM46,Crete,2017
3.430,BM46,Crete,2017
2.685,BM46,Crete,2017
2.758,BM46,Crete,2017
2.770,BM46,Crete,2017
2.651,BM46,Crete,2017
2.477,BM46,Crete,2017
2.795,BM46,Crete,2017
2.258,BM47,Crete,2017
3.515,BM47,Crete,2017
2.575,BM47,Crete,2017
2.874,BM47,Crete,2017
2.624,BM47,Crete,2017
2.836,BM47,Crete,2017
4.540,BM47,Crete,2017
5.109,BM47,Crete,2017
4.650,BM47,Crete,2017
5.167,BM47,Crete,2017
5.544,BM47,Crete,2017
5.225,BM47,Crete,2017
2.969,BM48,Crete,2017
2.416,BM48,Crete,2017
2.330,BM48,Crete,2017
2.278,BM48,Crete,2017
2.244,BM48,Crete,2017
2.813,BM48,Crete,2017
4.211,BM48,Crete,2017
2.781,BM48,Crete,2017
3.003,BM48,Crete,2017
2.520,BM48,Crete,2017
2.692,BM48,Crete,2017
2.718,BM48,Crete,2017
2.278,BM48,Crete,2017
2.485,BM48,Crete,2017
2.503,BM48,Crete,2017
2.313,BM48,Crete,2017
2.209,BM48,Crete,2017
2.639,BM48,Crete,2017
3.331,BM48,Crete,2017
2.209,BM48,Crete,2017
2.295,BM48,Crete,2017
2.436,BM48,Crete,2017
2.843,BM49,Crete,2017
2.996,BM49,Crete,2017
2.238,BM49,Crete,2017
2.341,BM49,Crete,2017
2.616,BM49,Crete,2017
2.473,BM49,Crete,2017
2.468,BM49,Crete,2017
3.089,BM49,Crete,2017
2.338,BM49,Crete,2017
2.517,BM49,Crete,2017
2.551,BM49,Crete,2017
2.532,BM49,Crete,2017
2.678,BM49,Crete,2017
2.754,BM49,Crete,2017
4.637,BM49,Crete,2017
4.534,BM49,Crete,2017
2.527,BM49,Crete,2017
2.634,BM49,Crete,2017
2.687,BM49,Crete,2017
2.554,BM49,Crete,2017
3.115,BM50,Crete,2017
5.660,BM50,Crete,2017
2.528,BM50,Crete,2017
2.606,BM50,Crete,2017
2.732,BM50,Crete,2017
3.469,BM50,Crete,2017
2.114,BM50,Crete,2017
3.097,BM50,Crete,2017
2.658,BM50,Crete,2017
2.330,BM50,Crete,2017
2.546,BM50,Crete,2017
2.620,BM50,Crete,2017
2.796,BM50,Crete,2017
2.313,BM50,Crete,2017
4.916,BM50,Crete,2017
6.653,BM50,Crete,2017
3.089,BM50,Crete,2017
1.907,BM51,Mallorca,2017
2.019,BM51,Mallorca,2017
2.123,BM51,Mallorca,2017
2.403,BM51,Mallorca,2017
2.364,BM51,Mallorca,2017
2.566,BM51,Mallorca,2017
2.244,BM51,Mallorca,2017
2.226,BM51,Mallorca,2017
1.991,BM51,Mallorca,2017
1.881,BM51,Mallorca,2017
2.615,BM51,Mallorca,2017
2.585,BM51,Mallorca,2017
2.675,BM51,Mallorca,2017
2.321,BM51,Mallorca,2017
1.821,BM51,Mallorca,2017
2.218,BM51,Mallorca,2017
2.218,BM51,Mallorca,2017
2.071,BM51,Mallorca,2017
2.390,BM51,Mallorca,2017
2.497,BM51,Mallorca,2017
2.563,BM51,Mallorca,2017
2.278,BM51,Mallorca,2017
2.123,BM51,Mallorca,2017
2.229,BM51,Mallorca,2017
2.563,BM51,Mallorca,2017
1.464,BM52,Mallorca,2017
1.538,BM52,Mallorca,2017
1.385,BM52,Mallorca,2017
1.513,BM52,Mallorca,2017
2.817,BM52,Mallorca,2017
1.525,BM52,Mallorca,2017
1.696,BM52,Mallorca,2017
1.742,BM52,Mallorca,2017
1.910,BM52,Mallorca,2017
2.258,BM52,Mallorca,2017
2.101,BM52,Mallorca,2017
1.901,BM52,Mallorca,2017
1.942,BM52,Mallorca,2017
1.903,BM52,Mallorca,2017
1.846,BM52,Mallorca,2017
2.219,BM52,Mallorca,2017
1.800,BM52,Mallorca,2017
2.289,BM52,Mallorca,2017
1.890,BM52,Mallorca,2017
1.454,BM52,Mallorca,2017
1.803,BM52,Mallorca,2017
2.374,BM52,Mallorca,2017
2.072,BM52,Mallorca,2017
2.169,BM52,Mallorca,2017
1.927,BM52,Mallorca,2017
1.663,BM52,Mallorca,2017
2.339,BM52,Mallorca,2017
1.672,BM52,Mallorca,2017
1.874,BM52,Mallorca,2017
2.844,BM52,Mallorca,2017
1.889,BM53,Mallorca,2017
2.013,BM53,Mallorca,2017
1.453,BM53,Mallorca,2017
1.380,BM53,Mallorca,2017
1.830,BM53,Mallorca,2017
1.640,BM53,Mallorca,2017
2.242,BM53,Mallorca,2017
2.169,BM53,Mallorca,2017
2.509,BM53,Mallorca,2017
2.677,BM53,Mallorca,2017
2.044,BM53,Mallorca,2017
2.038,BM53,Mallorca,2017
2.625,BM53,Mallorca,2017
2.574,BM53,Mallorca,2017
1.614,BM53,Mallorca,2017
4.078,BM53,Mallorca,2017
1.604,BM53,Mallorca,2017
1.868,BM53,Mallorca,2017
2.449,BM53,Mallorca,2017
2.158,BM53,Mallorca,2017
1.754,BM53,Mallorca,2017
2.055,BM53,Mallorca,2017
2.151,BM53,Mallorca,2017
2.024,BM53,Mallorca,2017
2.127,BM53,Mallorca,2017
1.890,BM53,Mallorca,2017
2.075,BM53,Mallorca,2017
2.953,BM54,Mallorca,2017
3.197,BM54,Mallorca,2017
3.075,BM54,Mallorca,2017
3.051,BM54,Mallorca,2017
3.124,BM54,Mallorca,2017
5.280,BM54,Mallorca,2017
2.807,BM54,Mallorca,2017
3.686,BM54,Mallorca,2017
3.564,BM54,Mallorca,2017
3.639,BM54,Mallorca,2017
2.636,BM54,Mallorca,2017
5.614,BM54,Mallorca,2017
5.711,BM54,Mallorca,2017
4.882,BM54,Mallorca,2017
3.808,BM54,Mallorca,2017
5.809,BM55,Mallorca,2017
6.346,BM55,Mallorca,2017
5.663,BM55,Mallorca,2017
4.882,BM55,Mallorca,2017
8.592,BM55,Mallorca,2017
5.941,BM55,Mallorca,2017
6.796,BM55,Mallorca,2017
5.609,BM55,Mallorca,2017
3.002,BM56,Mallorca,2017
3.002,BM56,Mallorca,2017
3.149,BM56,Mallorca,2017
2.734,BM56,Mallorca,2017
4.247,BM56,Mallorca,2017
5.321,BM56,Mallorca,2017
2.763,BM56,Mallorca,2017
3.075,BM56,Mallorca,2017
3.246,BM56,Mallorca,2017
2.734,BM56,Mallorca,2017
3.271,BM56,Mallorca,2017
2.929,BM56,Mallorca,2017
2.856,BM56,Mallorca,2017
2.612,BM56,Mallorca,2017
2.884,BM56,Mallorca,2017
2.587,BM56,Mallorca,2017
2.880,BM56,Mallorca,2017
2.709,BM56,Mallorca,2017
4.988,BM57,Mallorca,2017
5.782,BM57,Mallorca,2017
5.159,BM57,Mallorca,2017
4.884,BM57,Mallorca,2017
5.851,BM57,Mallorca,2017
2.922,BM57,Mallorca,2017
2.658,BM57,Mallorca,2017
2.623,BM57,Mallorca,2017
2.364,BM57,Mallorca,2017
2.313,BM57,Mallorca,2017
3.711,BM57,Mallorca,2017
2.685,BM57,Mallorca,2017
3.348,BM57,Mallorca,2017
3.020,BM57,Mallorca,2017
4.847,BM58,Mallorca,2017
5.790,BM58,Mallorca,2017
5.264,BM58,Mallorca,2017
4.522,BM58,Mallorca,2017
6.042,BM58,Mallorca,2017
4.108,BM58,Mallorca,2017
5.641,BM58,Mallorca,2017
4.427,BM58,Mallorca,2017
5.375,BM58,Mallorca,2017
4.431,BM58,Mallorca,2017
4.415,BM58,Mallorca,2017
3.711,BM59,Mallorca,2017
3.486,BM59,Mallorca,2017
3.193,BM59,Mallorca,2017
3.141,BM59,Mallorca,2017
3.089,BM59,Mallorca,2017
3.722,BM59,Mallorca,2017
3.935,BM59,Mallorca,2017
3.573,BM59,Mallorca,2017
2.830,BM59,Mallorca,2017
3.417,BM59,Mallorca,2017
2.996,BM59,Mallorca,2017
3.003,BM59,Mallorca,2017
2.503,BM59,Mallorca,2017
3.124,BM59,Mallorca,2017
3.314,BM59,Mallorca,2017
3.468,BM59,Mallorca,2017
2.934,BM59,Mallorca,2017
3.590,BM59,Mallorca,2017
3.210,BM60,Mallorca,2017
2.934,BM60,Mallorca,2017
3.210,BM60,Mallorca,2017
3.592,BM60,Mallorca,2017
2.900,BM60,Mallorca,2017
3.341,BM60,Mallorca,2017
3.234,BM60,Mallorca,2017
3.075,BM60,Mallorca,2017
2.997,BM60,Mallorca,2017
2.917,BM60,Mallorca,2017
3.039,BM60,Mallorca,2017
3.239,BM60,Mallorca,2017
3.521,BM60,Mallorca,2017
3.506,BM60,Mallorca,2017
3.624,BM60,Mallorca,2017
4.255,BM60,Mallorca,2017
3.883,BM60,Mallorca,2017
2.946,BM61,Trieste,2009
3.328,BM61,Trieste,2009
2.946,BM61,Trieste,2009
2.728,BM61,Trieste,2009
2.455,BM61,Trieste,2009
2.728,BM61,Trieste,2009
2.892,BM61,Trieste,2009
2.455,BM61,Trieste,2009
2.783,BM61,Trieste,2009
2.346,BM61,Trieste,2009
2.455,BM61,Trieste,2009
2.455,BM61,Trieste,2009
2.019,BM61,Trieste,2009
2.946,BM61,Trieste,2009
2.455,BM61,Trieste,2009
2.455,BM61,Trieste,2009
2.674,BM61,Trieste,2009
3.165,BM61,Trieste,2009
3.438,BM61,Trieste,2009
3.165,BM61,Trieste,2009
3.165,BM61,Trieste,2009
2.565,BM61,Trieste,2009
3.385,BM62,Trieste,2009
3.858,BM62,Trieste,2009
3.739,BM62,Trieste,2009
4.094,BM62,Trieste,2009
6.534,BM62,Trieste,2009
5.314,BM62,Trieste,2009
4.133,BM62,Trieste,2009
3.621,BM62,Trieste,2009
3.700,BM62,Trieste,2009
3.385,BM62,Trieste,2009
3.976,BM62,Trieste,2009
3.858,BM62,Trieste,2009
3.031,BM62,Trieste,2009
3.464,BM62,Trieste,2009
2.806,BM63,Trieste,2009
2.698,BM63,Trieste,2009
3.184,BM63,Trieste,2009
3.022,BM63,Trieste,2009
2.320,BM63,Trieste,2009
2.860,BM63,Trieste,2009
2.428,BM63,Trieste,2009
2.465,BM63,Trieste,2009
2.366,BM63,Trieste,2009
2.480,BM63,Trieste,2009
2.137,BM63,Trieste,2009
3.510,BM63,Trieste,2009
1.807,BM63,Trieste,2009
2.404,BM63,Trieste,2009
2.442,BM63,Trieste,2009
2.327,BM63,Trieste,2009
2.099,BM63,Trieste,2009
2.327,BM63,Trieste,2009
1.793,BM63,Trieste,2009
2.327,BM63,Trieste,2009
1.984,BM63,Trieste,2009
2.175,BM63,Trieste,2009
2.442,BM63,Trieste,2009
2.022,BM63,Trieste,2009
2.175,BM64,Trieste,2009
2.442,BM64,Trieste,2009
2.251,BM64,Trieste,2009
2.480,BM64,Trieste,2009
2.060,BM64,Trieste,2009
2.404,BM64,Trieste,2009
1.946,BM64,Trieste,2009
1.831,BM64,Trieste,2009
1.603,BM64,Trieste,2009
2.022,BM64,Trieste,2009
2.213,BM64,Trieste,2009
1.870,BM64,Trieste,2009
1.679,BM64,Trieste,2009
1.670,BM64,Trieste,2009
1.259,BM64,Trieste,2009
1.908,BM64,Trieste,2009
1.030,BM64,Trieste,2009
1.641,BM64,Trieste,2009
2.556,BM64,Trieste,2009
2.289,BM64,Trieste,2009
2.366,BM64,Trieste,2009
1.679,BM64,Trieste,2009
2.623,BM64,Trieste,2009
2.251,BM64,Trieste,2009
2.556,BM64,Trieste,2009
2.213,BM64,Trieste,2009
2.633,BM64,Trieste,2009
2.442,BM64,Trieste,2009
4.798,BM65,Trieste,2009
2.385,BM65,Trieste,2009
3.578,BM65,Trieste,2009
3.036,BM65,Trieste,2009
5.322,BM65,Trieste,2009
2.873,BM65,Trieste,2009
2.846,BM65,Trieste,2009
2.683,BM65,Trieste,2009
2.345,BM65,Trieste,2009
2.467,BM65,Trieste,2009
2.982,BM65,Trieste,2009
2.439,BM65,Trieste,2009
3.663,BM65,Trieste,2009
2.819,BM65,Trieste,2009
3.063,BM65,Trieste,2009
2.277,BM65,Trieste,2009
2.519,BM65,Trieste,2009
2.358,BM65,Trieste,2009
2.311,BM66,Trieste,2009
2.502,BM66,Trieste,2009
2.349,BM66,Trieste,2009
1.719,BM66,Trieste,2009
2.262,BM66,Trieste,2009
2.693,BM66,Trieste,2009
2.635,BM66,Trieste,2009
2.712,BM66,Trieste,2009
2.663,BM66,Trieste,2009
2.292,BM66,Trieste,2009
2.120,BM66,Trieste,2009
2.846,BM66,Trieste,2009
2.005,BM66,Trieste,2009
2.139,BM66,Trieste,2009
2.292,BM66,Trieste,2009
2.539,BM66,Trieste,2009
3.667,BM66,Trieste,2009
2.807,BM66,Trieste,2009
2.292,BM66,Trieste,2009
2.846,BM66,Trieste,2009
2.705,BM66,Trieste,2009
2.254,BM66,Trieste,2009
2.425,BM66,Trieste,2009
2.641,BM67,Trieste,2009
2.516,BM67,Trieste,2009
1.824,BM67,Trieste,2009
2.170,BM67,Trieste,2009
2.774,BM67,Trieste,2009
2.044,BM67,Trieste,2009
2.264,BM67,Trieste,2009
2.138,BM67,Trieste,2009
2.233,BM67,Trieste,2009
2.264,BM67,Trieste,2009
2.138,BM67,Trieste,2009
2.201,BM67,Trieste,2009
2.421,BM67,Trieste,2009
2.129,BM67,Trieste,2009
2.296,BM67,Trieste,2009
2.358,BM67,Trieste,2009
2.201,BM67,Trieste,2009
2.107,BM67,Trieste,2009
2.822,BM67,Trieste,2009
2.138,BM67,Trieste,2009
2.170,BM67,Trieste,2009
2.201,BM67,Trieste,2009
2.264,BM67,Trieste,2009
2.390,BM67,Trieste,2009
2.075,BM67,Trieste,2009
3.315,BM67,Trieste,2009
2.871,BM68,Trieste,2009
3.848,BM68,Trieste,2009
4.826,BM68,Trieste,2009
3.238,BM68,Trieste,2009
2.199,BM68,Trieste,2009
1.955,BM68,Trieste,2009
3.299,BM68,Trieste,2009
2.260,BM68,Trieste,2009
2.443,BM68,Trieste,2009
2.749,BM68,Trieste,2009
2.382,BM68,Trieste,2009
2.627,BM68,Trieste,2009
2.566,BM68,Trieste,2009
1.955,BM68,Trieste,2009
2.382,BM68,Trieste,2009
2.382,BM68,Trieste,2009
2.627,BM68,Trieste,2009
3.543,BM68,Trieste,2009
2.333,BM68,Trieste,2009
2.751,BM69,Trieste,2009
2.214,BM69,Trieste,2009
1.778,BM69,Trieste,2009
1.879,BM69,Trieste,2009
2.482,BM69,Trieste,2009
2.046,BM69,Trieste,2009
2.751,BM69,Trieste,2009
2.315,BM69,Trieste,2009
2.382,BM69,Trieste,2009
1.979,BM69,Trieste,2009
2.248,BM69,Trieste,2009
2.080,BM69,Trieste,2009
2.113,BM69,Trieste,2009
2.046,BM69,Trieste,2009
2.516,BM69,Trieste,2009
2.449,BM69,Trieste,2009
2.550,BM69,Trieste,2009
2.415,BM69,Trieste,2009
2.482,BM69,Trieste,2009
1.543,BM69,Trieste,2009
1.979,BM69,Trieste,2009
2.348,BM69,Trieste,2009
2.214,BM69,Trieste,2009
2.245,BM69,Trieste,2009
1.979,BM69,Trieste,2009
2.382,BM69,Trieste,2009
2.147,BM69,Trieste,2009
1.979,BM69,Trieste,2009
2.073,BM70,Trieste,2009
2.141,BM70,Trieste,2009
2.515,BM70,Trieste,2009
2.024,BM70,Trieste,2009
1.875,BM70,Trieste,2009
2.259,BM70,Trieste,2009
1.875,BM70,Trieste,2009
1.993,BM70,Trieste,2009
2.043,BM70,Trieste,2009
2.428,BM70,Trieste,2009
1.995,BM70,Trieste,2009
2.215,BM70,Trieste,2009
2.019,BM70,Trieste,2009
1.851,BM70,Trieste,2009
2.103,BM70,Trieste,2009
2.452,BM70,Trieste,2009
3.769,BM70,Trieste,2009
2.584,BM70,Trieste,2009
2.370,BM70,Trieste,2009
2.860,BM70,Trieste,2009
2.211,BM70,Trieste,2009
2.036,BM70,Trieste,2009
1.550,BM70,Trieste,2009
1.166,BM70,Trieste,2009
1.586,BM70,Trieste,2009
2.992,BM70,Trieste,2009
2.421,BM70,Trieste,2009
1.863,BM71,Venice,2020
1.890,BM71,Venice,2020
1.835,BM71,Venice,2020
2.054,BM71,Venice,2020
2.191,BM71,Venice,2020
1.890,BM71,Venice,2020
1.890,BM71,Venice,2020
2.164,BM71,Venice,2020
1.753,BM71,Venice,2020
1.780,BM71,Venice,2020
1.917,BM71,Venice,2020
2.082,BM71,Venice,2020
2.255,BM71,Venice,2020
2.246,BM71,Venice,2020
2.109,BM71,Venice,2020
1.945,BM71,Venice,2020
1.917,BM71,Venice,2020
2.082,BM71,Venice,2020
2.219,BM71,Venice,2020
1.972,BM71,Venice,2020
1.762,BM71,Venice,2020
1.726,BM71,Venice,2020
1.753,BM71,Venice,2020
1.808,BM71,Venice,2020
2.082,BM71,Venice,2020
1.808,BM71,Venice,2020
1.917,BM71,Venice,2020
1.753,BM71,Venice,2020
1.616,BM71,Venice,2020
1.972,BM71,Venice,2020
1.875,BM72,Venice,2019
2.402,BM72,Venice,2019
2.168,BM72,Venice,2019
1.875,BM72,Venice,2019
2.402,BM72,Venice,2019
1.641,BM72,Venice,2019
1.992,BM72,Venice,2019
2.402,BM72,Venice,2019
2.109,BM72,Venice,2019
1.875,BM72,Venice,2019
2.044,BM72,Venice,2019
2.196,BM72,Venice,2019
2.113,BM72,Venice,2019
2.196,BM72,Venice,2019
2.983,BM72,Venice,2019
2.486,BM72,Venice,2019
1.643,BM72,Venice,2019
2.444,BM72,Venice,2019
3.025,BM72,Venice,2019
2.486,BM72,Venice,2019
2.569,BM72,Venice,2019
3.066,BM72,Venice,2019
2.268,BM72,Venice,2019
2.859,BM72,Venice,2019
2.362,BM72,Venice,2019
2.776,BM72,Venice,2019
1.754,BM73,Venice,2019
1.702,BM73,Venice,2019
1.599,BM73,Venice,2019
1.702,BM73,Venice,2019
1.754,BM73,Venice,2019
1.547,BM73,Venice,2019
1.599,BM73,Venice,2019
1.805,BM73,Venice,2019
1.754,BM73,Venice,2019
1.754,BM73,Venice,2019
1.805,BM73,Venice,2019
1.702,BM73,Venice,2019
1.702,BM73,Venice,2019
1.631,BM73,Venice,2019
2.270,BM73,Venice,2019
1.754,BM73,Venice,2019
1.547,BM73,Venice,2019
1.651,BM73,Venice,2019
1.651,BM73,Venice,2019
1.857,BM73,Venice,2019
1.754,BM73,Venice,2019
1.857,BM73,Venice,2019
2.115,BM73,Venice,2019
1.584,BM73,Venice,2019
2.218,BM73,Venice,2019
1.496,BM73,Venice,2019
1.728,BM73,Venice,2019
1.754,BM73,Venice,2019
1.754,BM73,Venice,2019
1.676,BM73,Venice,2019
1.676,BM73,Venice,2019
1.805,BM73,Venice,2019
1.393,BM73,Venice,2019
1.805,BM73,Venice,2019
1.780,BM73,Venice,2019
3.258,BM74,Venice,2019
2.153,BM74,Venice,2019
2.036,BM74,Venice,2019
3.665,BM74,Venice,2019
1.978,BM74,Venice,2019
3.258,BM74,Venice,2019
2.269,BM74,Venice,2019
3.025,BM74,Venice,2019
2.444,BM74,Venice,2019
2.618,BM74,Venice,2019
2.269,BM74,Venice,2019
5.178,BM74,Venice,2019
2.594,BM74,Venice,2019
2.385,BM74,Venice,2019
2.269,BM74,Venice,2019
2.851,BM74,Venice,2019
2.735,BM74,Venice,2019
2.269,BM74,Venice,2019
3.084,BM74,Venice,2019
4.131,BM74,Venice,2019
1.920,BM74,Venice,2019
2.103,BM74,Venice,2019
2.444,BM74,Venice,2019
3.134,BM75,Venice,2020
3.083,BM75,Venice,2020
2.723,BM75,Venice,2020
2.261,BM75,Venice,2020
2.312,BM75,Venice,2020
2.774,BM75,Venice,2020
2.312,BM75,Venice,2020
2.569,BM75,Venice,2020
2.774,BM75,Venice,2020
2.672,BM75,Venice,2020
2.466,BM75,Venice,2020
2.158,BM75,Venice,2020
2.209,BM75,Venice,2020
3.339,BM75,Venice,2020
2.209,BM75,Venice,2020
2.672,BM75,Venice,2020
2.286,BM75,Venice,2020
2.569,BM75,Venice,2020
2.672,BM75,Venice,2020
2.158,BM75,Venice,2020
2.723,BM75,Venice,2020
2.774,BM75,Venice,2020
2.774,BM75,Venice,2020
1.952,BM75,Venice,2020
2.106,BM75,Venice,2020
2.049,BM76,Venice,2020
2.207,BM76,Venice,2020
2.154,BM76,Venice,2020
2.417,BM76,Venice,2020
2.470,BM76,Venice,2020
3.153,BM76,Venice,2020
1.997,BM76,Venice,2020
2.312,BM76,Venice,2020
2.575,BM76,Venice,2020
2.470,BM76,Venice,2020
2.522,BM76,Venice,2020
2.102,BM76,Venice,2020
2.680,BM76,Venice,2020
2.417,BM76,Venice,2020
2.575,BM76,Venice,2020
2.417,BM76,Venice,2020
2.213,BM76,Venice,2020
2.627,BM76,Venice,2020
2.417,BM76,Venice,2020
2.522,BM76,Venice,2020
2.207,BM76,Venice,2020
2.470,BM76,Venice,2020
2.365,BM76,Venice,2020
1.881,BM77,Venice,2020
1.932,BM77,Venice,2020
1.474,BM77,Venice,2020
1.983,BM77,Venice,2020
1.525,BM77,Venice,2020
1.881,BM77,Venice,2020
1.881,BM77,Venice,2020
1.932,BM77,Venice,2020
2.084,BM77,Venice,2020
1.932,BM77,Venice,2020
2.135,BM77,Venice,2020
2.135,BM77,Venice,2020
2.033,BM77,Venice,2020
2.033,BM77,Venice,2020
2.033,BM77,Venice,2020
2.135,BM77,Venice,2020
1.881,BM77,Venice,2020
1.983,BM77,Venice,2020
2.440,BM77,Venice,2020
2.593,BM77,Venice,2020
2.389,BM77,Venice,2020
1.932,BM77,Venice,2020
1.932,BM77,Venice,2020
1.932,BM77,Venice,2020
2.403,BM77,Venice,2020
1.983,BM77,Venice,2020
1.932,BM77,Venice,2020
2.084,BM77,Venice,2020
2.288,BM77,Venice,2020
2.135,BM77,Venice,2020
2.237,BM77,Venice,2020
2.033,BM77,Venice,2020
2.033,BM77,Venice,2020
2.735,BM78,Venice,2020
1.823,BM78,Venice,2020
1.773,BM78,Venice,2020
1.823,BM78,Venice,2020
1.520,BM78,Venice,2020
2.381,BM78,Venice,2020
1.874,BM78,Venice,2020
1.823,BM78,Venice,2020
1.469,BM78,Venice,2020
1.570,BM78,Venice,2020
1.671,BM78,Venice,2020
1.520,BM78,Venice,2020
0.912,BM78,Venice,2020
0.962,BM78,Venice,2020
1.671,BM78,Venice,2020
1.520,BM78,Venice,2020
1.874,BM78,Venice,2020
1.570,BM78,Venice,2020
2.077,BM78,Venice,2020
3.039,BM78,Venice,2020
1.463,BM78,Venice,2020
1.773,BM78,Venice,2020
1.773,BM78,Venice,2020
1.874,BM78,Venice,2020
2.127,BM78,Venice,2020
1.925,BM78,Venice,2020
2.229,BM78,Venice,2020
2.077,BM78,Venice,2020
1.925,BM78,Venice,2020
3.242,BM78,Venice,2020
1.722,BM78,Venice,2020
2.583,BM78,Venice,2020
1.520,BM78,Venice,2020
2.786,BM78,Venice,2020
2.279,BM78,Venice,2020
2.583,BM78,Venice,2020
1.831,BM79,Venice,2020
2.517,BM79,Venice,2020
2.670,BM79,Venice,2020
2.937,BM79,Venice,2020
2.212,BM79,Venice,2020
2.517,BM79,Venice,2020
2.670,BM79,Venice,2020
2.289,BM79,Venice,2020
2.250,BM79,Venice,2020
3.357,BM79,Venice,2020
3.166,BM79,Venice,2020
2.356,BM79,Venice,2020
2.784,BM79,Venice,2020
2.365,BM79,Venice,2020
2.670,BM79,Venice,2020
2.594,BM79,Venice,2020
2.250,BM79,Venice,2020
1.831,BM79,Venice,2020
2.517,BM79,Venice,2020
2.823,BM79,Venice,2020
2.861,BM79,Venice,2020
3.013,BM79,Venice,2020
2.517,BM79,Venice,2020
3.349,BM79,Venice,2020
2.479,BM79,Venice,2020
2.212,BM79,Venice,2020
2.174,BM79,Venice,2020
2.022,BM79,Venice,2020
2.338,BM80,Venice,2020
3.423,BM80,Venice,2020
2.505,BM80,Venice,2020
2.338,BM80,Venice,2020
3.173,BM80,Venice,2020
2.505,BM80,Venice,2020
2.588,BM80,Venice,2020
2.505,BM80,Venice,2020
2.505,BM80,Venice,2020
2.421,BM80,Venice,2020
2.671,BM80,Venice,2020
2.568,BM80,Venice,2020
2.420,BM80,Venice,2020
2.243,BM80,Venice,2020
3.276,BM80,Venice,2020
3.130,BM80,Venice,2020
4.339,BM80,Venice,2020
3.542,BM80,Venice,2020
3.099,BM80,Venice,2020
4.428,BM80,Venice,2020
2.863,BM80,Venice,2020
4.026,BM80,Venice,2020
3.778,BM80,Venice,2020
4.132,BM80,Venice,2020
2.004,BM81,Trieste,2021
2.254,BM81,Trieste,2021
2.397,BM81,Trieste,2021
2.362,BM81,Trieste,2021
2.347,BM81,Trieste,2021
2.227,BM81,Trieste,2021
2.328,BM81,Trieste,2021
1.930,BM81,Trieste,2021
2.758,BM81,Trieste,2021
2.581,BM81,Trieste,2021
2.024,BM81,Trieste,2021
2.328,BM81,Trieste,2021
2.581,BM81,Trieste,2021
2.935,BM81,Trieste,2021
2.355,BM81,Trieste,2021
2.429,BM81,Trieste,2021
2.302,BM81,Trieste,2021
2.176,BM81,Trieste,2021
1.974,BM81,Trieste,2021
2.758,BM81,Trieste,2021
2.125,BM81,Trieste,2021
2.353,BM81,Trieste,2021
2.361,BM81,Trieste,2021
2.125,BM81,Trieste,2021
2.505,BM81,Trieste,2021
2.505,BM81,Trieste,2021
4.437,BM82,Trieste,2021
3.936,BM82,Trieste,2021
3.149,BM82,Trieste,2021
2.631,BM82,Trieste,2021
3.087,BM82,Trieste,2021
3.947,BM82,Trieste,2021
2.429,BM82,Trieste,2021
3.087,BM82,Trieste,2021
4.384,BM82,Trieste,2021
3.441,BM82,Trieste,2021
3.998,BM82,Trieste,2021
3.036,BM82,Trieste,2021
3.542,BM82,Trieste,2021
2.834,BM82,Trieste,2021
2.884,BM82,Trieste,2021
2.834,BM82,Trieste,2021
3.896,BM82,Trieste,2021
3.340,BM82,Trieste,2021
3.846,BM82,Trieste,2021
2.892,BM83,Trieste,2021
2.606,BM83,Trieste,2021
2.535,BM83,Trieste,2021
2.285,BM83,Trieste,2021
2.392,BM83,Trieste,2021
2.428,BM83,Trieste,2021
2.677,BM83,Trieste,2021
2.713,BM83,Trieste,2021
2.786,BM83,Trieste,2021
2.392,BM83,Trieste,2021
2.142,BM83,Trieste,2021
2.178,BM83,Trieste,2021
2.856,BM83,Trieste,2021
3.034,BM83,Trieste,2021
2.703,BM83,Trieste,2021
2.892,BM83,Trieste,2021
2.463,BM83,Trieste,2021
2.249,BM83,Trieste,2021
2.499,BM83,Trieste,2021
2.606,BM83,Trieste,2021
2.892,BM83,Trieste,2021
3.463,BM83,Trieste,2021
2.392,BM83,Trieste,2021
2.101,BM84,Trieste,2021
2.227,BM84,Trieste,2021
2.201,BM84,Trieste,2021
2.404,BM84,Trieste,2021
1.948,BM84,Trieste,2021
2.227,BM84,Trieste,2021
2.505,BM84,Trieste,2021
2.454,BM84,Trieste,2021
2.265,BM84,Trieste,2021
2.075,BM84,Trieste,2021
2.404,BM84,Trieste,2021
2.100,BM84,Trieste,2021
2.453,BM84,Trieste,2021
1.999,BM84,Trieste,2021
2.378,BM84,Trieste,2021
2.024,BM84,Trieste,2021
2.606,BM84,Trieste,2021
2.049,BM84,Trieste,2021
2.252,BM84,Trieste,2021
2.716,BM84,Trieste,2021
2.125,BM84,Trieste,2021
1.240,BM84,Trieste,2021
1.948,BM84,Trieste,2021
2.277,BM84,Trieste,2021
2.049,BM84,Trieste,2021
2.049,BM84,Trieste,2021
2.200,BM84,Trieste,2021
2.606,BM84,Trieste,2021
1.898,BM84,Trieste,2021
2.363,BM85,Trieste,2021
2.404,BM85,Trieste,2021
2.859,BM85,Trieste,2021
2.809,BM85,Trieste,2021
2.796,BM85,Trieste,2021
2.125,BM85,Trieste,2021
1.948,BM85,Trieste,2021
2.176,BM85,Trieste,2021
2.100,BM85,Trieste,2021
2.328,BM85,Trieste,2021
2.201,BM85,Trieste,2021
2.606,BM85,Trieste,2021
2.082,BM85,Trieste,2021
2.024,BM85,Trieste,2021
2.353,BM85,Trieste,2021
2.151,BM85,Trieste,2021
2.125,BM85,Trieste,2021
2.125,BM85,Trieste,2021
2.252,BM85,Trieste,2021
2.024,BM85,Trieste,2021
2.144,BM85,Trieste,2021
2.151,BM85,Trieste,2021
2.328,BM85,Trieste,2021
1.948,BM85,Trieste,2021
2.454,BM85,Trieste,2021
2.098,BM85,Trieste,2021
2.252,BM85,Trieste,2021
2.499,BM85,Trieste,2021
2.466,BM86,Trieste,2021
2.684,BM86,Trieste,2021
2.394,BM86,Trieste,2021
2.974,BM86,Trieste,2021
1.812,BM86,Trieste,2021
2.321,BM86,Trieste,2021
2.249,BM86,Trieste,2021
2.357,BM86,Trieste,2021
2.176,BM86,Trieste,2021
2.357,BM86,Trieste,2021
2.865,BM86,Trieste,2021
3.046,BM86,Trieste,2021
2.559,BM86,Trieste,2021
2.684,BM86,Trieste,2021
3.663,BM86,Trieste,2021
2.720,BM86,Trieste,2021
2.684,BM86,Trieste,2021
2.793,BM86,Trieste,2021
2.394,BM86,Trieste,2021
2.480,BM86,Trieste,2021
3.155,BM86,Trieste,2021
3.917,BM86,Trieste,2021
2.720,BM86,Trieste,2021
2.647,BM86,Trieste,2021
2.575,BM86,Trieste,2021
3.292,BM87,Trieste,2021
3.006,BM87,Trieste,2021
3.721,BM87,Trieste,2021
3.364,BM87,Trieste,2021
3.793,BM87,Trieste,2021
3.077,BM87,Trieste,2021
3.507,BM87,Trieste,2021
3.721,BM87,Trieste,2021
4.338,BM87,Trieste,2021
4.330,BM87,Trieste,2021
3.006,BM87,Trieste,2021
3.435,BM87,Trieste,2021
3.650,BM87,Trieste,2021
3.149,BM87,Trieste,2021
3.507,BM87,Trieste,2021
4.831,BM87,Trieste,2021
2.648,BM88,Trieste,2021
3.364,BM88,Trieste,2021
2.684,BM88,Trieste,2021
2.791,BM88,Trieste,2021
2.719,BM88,Trieste,2021
2.732,BM88,Trieste,2021
2.612,BM88,Trieste,2021
2.576,BM88,Trieste,2021
2.863,BM88,Trieste,2021
2.648,BM88,Trieste,2021
2.648,BM88,Trieste,2021
3.077,BM88,Trieste,2021
2.254,BM88,Trieste,2021
3.220,BM88,Trieste,2021
2.612,BM88,Trieste,2021
2.989,BM88,Trieste,2021
2.898,BM88,Trieste,2021
2.684,BM88,Trieste,2021
2.791,BM88,Trieste,2021
2.898,BM88,Trieste,2021
2.576,BM88,Trieste,2021
2.183,BM89,Trieste,2021
2.469,BM89,Trieste,2021
2.433,BM89,Trieste,2021
2.451,BM89,Trieste,2021
3.077,BM89,Trieste,2021
2.397,BM89,Trieste,2021
2.719,BM89,Trieste,2021
3.471,BM89,Trieste,2021
2.719,BM89,Trieste,2021
2.611,BM89,Trieste,2021
2.433,BM89,Trieste,2021
2.612,BM89,Trieste,2021
3.507,BM89,Trieste,2021
3.793,BM89,Trieste,2021
2.648,BM89,Trieste,2021
2.898,BM89,Trieste,2021
2.469,BM89,Trieste,2021
2.464,BM89,Trieste,2021
2.541,BM89,Trieste,2021
2.397,BM89,Trieste,2021
2.397,BM89,Trieste,2021
2.934,BM89,Trieste,2021
2.863,BM89,Trieste,2021
2.505,BM89,Trieste,2021
3.435,BM90,Trieste,2021
2.719,BM90,Trieste,2021
3.793,BM90,Trieste,2021
3.721,BM90,Trieste,2021
3.793,BM90,Trieste,2021
3.077,BM90,Trieste,2021
3.364,BM90,Trieste,2021
3.149,BM90,Trieste,2021
4.008,BM90,Trieste,2021
3.292,BM90,Trieste,2021
3.077,BM90,Trieste,2021
3.721,BM90,Trieste,2021
2.791,BM90,Trieste,2021
3.721,BM90,Trieste,2021
3.435,BM90,Trieste,2021
2.648,BM90,Trieste,2021
2.863,BM90,Trieste,2021
3.364,BM90,Trieste,2021
3.364,BM90,Trieste,2021
2.779,BM91,Trieste,2021
2.483,BM91,Trieste,2021
2.549,BM91,Trieste,2021
2.418,BM91,Trieste,2021
2.768,BM91,Trieste,2021
2.888,BM91,Trieste,2021
3.085,BM91,Trieste,2021
2.910,BM91,Trieste,2021
2.986,BM91,Trieste,2021
2.396,BM91,Trieste,2021
3.172,BM91,Trieste,2021
3.161,BM91,Trieste,2021
2.746,BM91,Trieste,2021
2.811,BM91,Trieste,2021
2.593,BM91,Trieste,2021
2.789,BM91,Trieste,2021
3.971,BM91,Trieste,2021
2.757,BM91,Trieste,2021
3.599,BM91,Trieste,2021
3.388,BM92,Trieste,2021
2.676,BM92,Trieste,2021
2.568,BM92,Trieste,2021
3.187,BM92,Trieste,2021
2.645,BM92,Trieste,2021
2.908,BM92,Trieste,2021
2.754,BM92,Trieste,2021
3.125,BM92,Trieste,2021
2.630,BM92,Trieste,2021
3.032,BM92,Trieste,2021
2.522,BM92,Trieste,2021
3.512,BM92,Trieste,2021
2.769,BM92,Trieste,2021
2.831,BM92,Trieste,2021
4.053,BM92,Trieste,2021
3.651,BM92,Trieste,2021
2.924,BM92,Trieste,2021
2.676,BM92,Trieste,2021
2.413,BM93,Trieste,2021
2.305,BM93,Trieste,2021
2.398,BM93,Trieste,2021
2.653,BM93,Trieste,2021
2.948,BM93,Trieste,2021
2.638,BM93,Trieste,2021
3.813,BM93,Trieste,2021
8.029,BM93,Trieste,2021
4.703,BM93,Trieste,2021
3.195,BM93,Trieste,2021
4.997,BM93,Trieste,2021
6.289,BM93,Trieste,2021
4.494,BM93,Trieste,2021
3.512,BM93,Trieste,2021
2.658,BM93,Trieste,2021
2.000,BM94,Trieste,2021
2.113,BM94,Trieste,2021
2.088,BM94,Trieste,2021
2.513,BM94,Trieste,2021
2.120,BM94,Trieste,2021
1.827,BM94,Trieste,2021
2.146,BM94,Trieste,2021
1.985,BM94,Trieste,2021
2.335,BM94,Trieste,2021
2.285,BM94,Trieste,2021
2.927,BM94,Trieste,2021
2.478,BM94,Trieste,2021
2.380,BM94,Trieste,2021
2.290,BM94,Trieste,2021
2.240,BM94,Trieste,2021
4.276,BM94,Trieste,2021
2.163,BM94,Trieste,2021
2.214,BM94,Trieste,2021
2.718,BM94,Trieste,2021
2.331,BM94,Trieste,2021
3.154,BM94,Trieste,2021
2.649,BM94,Trieste,2021
2.245,BM94,Trieste,2021
2.227,BM94,Trieste,2021
2.330,BM94,Trieste,2021
2.305,BM94,Trieste,2021
2.915,BM95,Trieste,2021
2.882,BM95,Trieste,2021
2.790,BM95,Trieste,2021
2.560,BM95,Trieste,2021
2.339,BM95,Trieste,2021
2.558,BM95,Trieste,2021
2.286,BM95,Trieste,2021
2.362,BM95,Trieste,2021
2.707,BM95,Trieste,2021
2.494,BM95,Trieste,2021
2.992,BM95,Trieste,2021
2.899,BM95,Trieste,2021
2.768,BM95,Trieste,2021
3.391,BM95,Trieste,2021
2.089,BM95,Trieste,2021
2.428,BM95,Trieste,2021
2.910,BM95,Trieste,2021
2.363,BM95,Trieste,2021
2.734,BM95,Trieste,2021
2.487,BM95,Trieste,2021
2.711,BM95,Trieste,2021
2.718,BM95,Trieste,2021
2.302,BM95,Trieste,2021
2.199,BM95,Trieste,2021
3.102,BM96,Trieste,2021
4.384,BM96,Trieste,2021
3.883,BM96,Trieste,2021
4.208,BM96,Trieste,2021
3.458,BM96,Trieste,2021
3.566,BM96,Trieste,2021
4.517,BM96,Trieste,2021
3.852,BM96,Trieste,2021
3.574,BM96,Trieste,2021
6.157,BM96,Trieste,2021
2.970,BM96,Trieste,2021
3.984,BM96,Trieste,2021
3.171,BM96,Trieste,2021
3.481,BM96,Trieste,2021
3.953,BM96,Trieste,2021
2.986,BM97,Trieste,2021
2.939,BM97,Trieste,2021
2.630,BM97,Trieste,2021
2.769,BM97,Trieste,2021
2.754,BM97,Trieste,2021
4.069,BM97,Trieste,2021
3.991,BM97,Trieste,2021
3.775,BM97,Trieste,2021
3.202,BM97,Trieste,2021
3.079,BM97,Trieste,2021
3.110,BM97,Trieste,2021
3.280,BM97,Trieste,2021
3.017,BM97,Trieste,2021
3.295,BM97,Trieste,2021
4.409,BM97,Trieste,2021
4.038,BM97,Trieste,2021
3.357,BM97,Trieste,2021
2.259,BM98,Trieste,2021
2.336,BM98,Trieste,2021
2.212,BM98,Trieste,2021
2.413,BM98,Trieste,2021
3.651,BM98,Trieste,2021
2.609,BM98,Trieste,2021
2.816,BM98,Trieste,2021
2.274,BM98,Trieste,2021
2.475,BM98,Trieste,2021
2.862,BM98,Trieste,2021
2.754,BM98,Trieste,2021
3.079,BM98,Trieste,2021
2.522,BM98,Trieste,2021
3.574,BM98,Trieste,2021
3.249,BM98,Trieste,2021
2.568,BM98,Trieste,2021
2.274,BM98,Trieste,2021
2.522,BM98,Trieste,2021
3.465,BM98,Trieste,2021
2.395,BM98,Trieste,2021
4.202,BM98,Trieste,2021
2.094,BM99,Trieste,2021
2.007,BM99,Trieste,2021
2.166,BM99,Trieste,2021
2.670,BM99,Trieste,2021
1.958,BM99,Trieste,2021
2.573,BM99,Trieste,2021
2.718,BM99,Trieste,2021
2.180,BM99,Trieste,2021
3.376,BM99,Trieste,2021
2.593,BM99,Trieste,2021
2.653,BM99,Trieste,2021
2.439,BM99,Trieste,2021
2.024,BM99,Trieste,2021
2.062,BM99,Trieste,2021
2.024,BM99,Trieste,2021
2.177,BM99,Trieste,2021
3.085,BM99,Trieste,2021
2.188,BM99,Trieste,2021
2.565,BM99,Trieste,2021
2.139,BM99,Trieste,2021
2.445,BM99,Trieste,2021
2.249,BM99,Trieste,2021
2.312,BM99,Trieste,2021
2.872,BM99,Trieste,2021
2.795,BM100,Trieste,2021
2.259,BM100,Trieste,2021
2.336,BM100,Trieste,2021
2.040,BM100,Trieste,2021
2.368,BM100,Trieste,2021
2.696,BM100,Trieste,2021
2.467,BM100,Trieste,2021
2.549,BM100,Trieste,2021
2.365,BM100,Trieste,2021
2.232,BM100,Trieste,2021
2.271,BM100,Trieste,2021
2.330,BM100,Trieste,2021
2.257,BM100,Trieste,2021
2.521,BM100,Trieste,2021
2.182,BM100,Trieste,2021
2.259,BM100,Trieste,2021
2.264,BM100,Trieste,2021
2.609,BM100,Trieste,2021
2.604,BM100,Trieste,2021
2.186,BM100,Trieste,2021
3.142,BM100,Trieste,2021
2.210,BM100,Trieste,2021
2.582,BM100,Trieste,2021
2.297,BM100,Trieste,2021
1.947,BM100,Trieste,2021
2.199,BM100,Trieste,2021
1.903,BM100,Trieste,2021
2.407,BM100,Trieste,2021
2.742,BM100,Trieste,2021
